municipality,id,n,mean_age,mean_gross_income_percentile,prop_female,prop_both_parents_abroad,prop_one_parent_abroad,prop_vocational_edu,prop_higher_vocational_edu,prop_bachelor_edu,prop_master_doctorate_edu,n_female,n_both_parents_abroad,n_one_parent_abroad,n_vocational_edu,n_higher_vocational_edu,n_bachelor_edu,n_master_doctorate_edu
's-Gravenhage,25,551146,42.14434858340364,49.94723045657898,0.5025818930011285,0.4757650422936935,0.09339449075199675,0.12599202389203587,0.275279145634732,0.1482238826009805,0.13164751263730481,276996,262216,51474,69440,151719,81693,72557
's-Hertogenbosch,52,156280,44.58096365497824,52.87132899992169,0.504920655234195,0.14880342974148963,0.067699001791656,0.1255310980291784,0.28407985666751984,0.1998720245712823,0.1337343230099821,78909,23255,10580,19618,44396,31236,20900
Aa en Hunze,66,25535,49.91149402780497,50.08677959685814,0.5005678480516937,0.0332093205404347,0.034736635989817896,0.12054043469747405,0.3562169571176816,0.19573134912864695,0.09222635598198552,12782,848,887,3078,9096,4998,2355
Aalsmeer,123,32411,44.79577921076178,52.88847141816509,0.5036561661164419,0.16506741538366604,0.06593440498596155,0.13911943475980376,0.3190891981117522,0.1687081546388572,0.08457005337693993,16324,5350,2137,4509,10342,5468,2741
Aalten,94,27067,47.26571101341116,47.461878552738426,0.4969889533380131,0.05534414600805409,0.0587800642849226,0.14955480843831973,0.3810544205120627,0.14951786308050394,0.04788118372926442,13452,1498,1591,4048,10314,4047,1296
Achtkarspelen,106,27917,44.98323602106243,45.57017583510374,0.4897732564387291,0.025145968406347387,0.02145646022137049,0.1600816706666189,0.3932012752086542,0.11885231221119748,0.03227424150159401,13673,702,599,4469,10977,3318,901
Alblasserdam,83,20070,43.91121076233184,49.55840854201093,0.5079222720478326,0.10672645739910314,0.05052316890881913,0.13941205779770802,0.35610363726955657,0.13926258096661684,0.04504235176880917,10194,2142,1014,2798,7147,2795,904
Albrandswaard,341,25896,44.536994130367624,56.552577628881444,0.5030120481927711,0.15195396972505407,0.07947173308619092,0.12793481618782823,0.3112449799196787,0.18242199567500772,0.08526413345690455,13026,3935,2058,3313,8060,4724,2208
Alkmaar,105,110617,45.411735989947296,51.43167104885216,0.5049675908766283,0.1567118978095591,0.07707676035329108,0.12684307113734777,0.3366571141867887,0.19212236817125758,0.08441740419646167,55858,17335,8526,14031,37240,21252,9338
Almelo,300,73038,45.22308935074893,46.172014925373134,0.4990689777923821,0.1998274870615296,0.07152441194994387,0.15370081327528137,0.3624962348366604,0.1392699690572031,0.04904296393658096,36451,14595,5224,11226,26476,10172,3582
Almere,304,217342,41.06163557894931,52.63583424261113,0.5039891047289525,0.3512114547579391,0.10546511948910013,0.13648075383496977,0.3410155423249993,0.15879581489081723,0.06938373623137728,109538,76333,22922,29663,74117,34513,15080
Alphen aan den Rijn,214,112779,44.86871669371071,52.75076906174467,0.5014940724780322,0.14912350703588434,0.0669628210925793,0.13080449374440278,0.33761604554039315,0.17227498027114976,0.0821872866402433,56558,16818,7552,14752,38076,19429,9269
Alphen-Chaam,140,10417,47.81280599020831,51.97773373746794,0.49006431794182587,0.06067005855812614,0.08591725064797927,0.11394835365268312,0.3325333589325142,0.20466545070557743,0.0892771431314198,5105,632,895,1187,3464,2132,930
Altena,287,56925,44.64553359683794,50.68871829105474,0.496846728151076,0.054703557312252966,0.029266578831796224,0.15075977162933685,0.35137461572244183,0.14329380764163374,0.04992534036012297,28283,3114,1666,8582,20002,8157,2842
Ameland,307,3752,46.884328358208954,46.97669220945083,0.4954690831556503,0.047707889125799575,0.03331556503198294,0.14872068230277186,0.39498933901918976,0.14312366737739873,0.03571428571428571,1859,179,125,558,1482,537,134
Amersfoort,100,158338,42.6874660536321,54.33792053803369,0.5049830110270435,0.17776528691785926,0.08121865881847692,0.11266404779648599,0.2764907981659488,0.1995225403882833,0.14189266000581036,79958,28147,12860,17839,43779,31592,22467
Amstelveen,271,92133,44.143347117753684,55.13114216922398,0.517067717321698,0.383489086429401,0.10251484267309216,0.09990991284338945,0.2598091888899743,0.16719307956975243,0.17639716496803534,47639,35332,9445,9205,23937,15404,16252
Amsterdam,176,877227,41.2814243063654,52.710345999688414,0.5048374024055348,0.46736477559400247,0.10350456609292692,0.0989561424807946,0.2471959937393628,0.1884301326794547,0.21208307541833527,442857,409985,90797,86807,216847,165296,186045
Apeldoorn,252,165399,45.99464930259554,50.42288288693488,0.5009824726872593,0.12238888989655318,0.06489761123102317,0.13633697906275127,0.33343006910561734,0.1709260636400462,0.08254584368708397,82862,20243,10734,22550,55149,28271,13653
Arnhem,35,163565,42.72805306758781,49.601232205724784,0.4994039067037569,0.24639134289120534,0.09100357655977746,0.1259132454987314,0.3067710084675817,0.19247394002384374,0.11188824014917617,81685,40301,14885,20595,50177,31482,18301
Assen,254,68878,45.692223932169924,49.51198154170376,0.5052411510206452,0.10941084235895351,0.058335027149452656,0.1320015099160835,0.3628734864543105,0.17940416388396876,0.07042887424141235,34800,7536,4018,9092,24994,12357,4851
Asten,245,17042,46.62410515197747,48.89739413680782,0.4904940734655557,0.08531862457458045,0.032449243046590776,0.13707311348433282,0.3542424598051872,0.17445135547470955,0.06478112897547236,8359,1454,553,2336,6037,2973,1104
Baarle-Nassau,161,6920,49.739595375722544,48.45491157415514,0.4958092485549133,0.098121387283237,0.15664739884393064,0.14523121387283236,0.3588150289017341,0.16748554913294797,0.05635838150289017,3431,679,1084,1005,2483,1159,390
Baarn,306,24843,47.839029102765366,53.21076047594413,0.5156784607334058,0.10417421406432395,0.08493338163667834,0.11520347784084048,0.2832991184639536,0.1831904359376887,0.14181057038199896,12811,2588,2110,2862,7038,4551,3523
Barendrecht,151,48666,44.42103316483787,54.705098100605305,0.5076028438745737,0.18700941108782312,0.08118604364443349,0.12959766572144824,0.3196482143591008,0.17698187646406116,0.08632310031644269,24703,9101,3951,6307,15556,8613,4201
Barneveld,257,60520,41.14424983476537,50.13763459724994,0.5004130865829478,0.06397884996695308,0.029329147389292796,0.13255122273628553,0.333212161269002,0.13721083939193654,0.051652346331791145,30285,3872,1775,8022,20166,8304,3126
Beek,283,15804,49.818020754239434,50.35629079450821,0.5133510503669957,0.08073905340420147,0.07396861554036953,0.13142242470260693,0.34579853201721084,0.19640597317134903,0.08985067071627437,8113,1276,1169,2077,5465,3104,1420
Beekdaelen,343,35876,49.60302151856394,50.46352089547237,0.5021184078492585,0.07197011929981045,0.08599063440740327,0.13195450997881591,0.3492585572527595,0.19651020180622142,0.08387222655814472,18014,2582,3085,4734,12530,7050,3009
Beesel,175,13395,48.351922359089215,47.66228576502975,0.49794699514744306,0.10063456513624487,0.0744307577454274,0.16043299738708472,0.3706606942889138,0.1530421799178798,0.05024262784621127,6670,1348,997,2149,4965,2050,673
Berg en Dal,58,34895,49.05467832067632,49.12635266370699,0.5026221521707981,0.06788938243301333,0.07723169508525576,0.1370683479008454,0.33838658833643787,0.16056741653532025,0.11127668720447055,17539,2369,2695,4783,11808,5603,3883
Bergeijk,244,18856,47.367840475180316,50.4681956411556,0.487537123462028,0.06199618158676284,0.05287441663131099,0.14006151887993212,0.35840050912176497,0.1801018243529911,0.06899660585490029,9193,1169,997,2641,6758,3396,1301
Bergen (L.),103,13091,48.9902986784814,48.023663294797686,0.49644794133374076,0.07486059124589413,0.08532579634863646,0.16041555266977311,0.41012909632572,0.13711710335344893,0.04506913146436483,6499,980,1117,2100,5369,1795,590
Bergen (NH.),266,29693,53.10342504967501,49.912342386032975,0.5191122486781397,0.06910719698245378,0.07005018017714613,0.1292223756440912,0.32344323577947665,0.1933115549119321,0.12612400229010204,15414,2052,2080,3837,9604,5740,3745
Bergen op Zoom,112,67796,46.59410584695262,49.76630992523091,0.5029647766829901,0.19554250988258895,0.072629653666883,0.14590831317481856,0.34804413239719156,0.1590801817216355,0.06659684937164434,34099,13257,4924,9892,23596,10785,4515
Berkelland,194,43798,48.73763642175442,48.027727186234266,0.4989953879172565,0.04310699118681218,0.03886022192794192,0.14372802411069,0.3881912416092059,0.16877482990090872,0.055481985478788985,21855,1888,1702,6295,17002,7392,2430
Bernheze,146,31680,46.0510101010101,50.35102087899412,0.493655303030303,0.06439393939393939,0.030618686868686868,0.14081439393939393,0.3482638888888889,0.17367424242424243,0.07200126262626262,15639,2040,970,4461,11033,5502,2281
Best,74,30575,45.57946034341783,52.39473267326733,0.5019460343417825,0.131545380212592,0.059231398201144723,0.13105478331970563,0.32013082583810304,0.19133278822567457,0.10524938675388389,15347,4022,1811,4007,9788,5850,3218
Beuningen,87,26210,46.42140404425792,51.80998748087356,0.5006104540251812,0.07233880198397558,0.062113697062190006,0.13326974437237696,0.3457840518885921,0.17512399847386495,0.09000381533765739,13121,1896,1628,3493,9063,4590,2359
Beverwijk,96,42029,44.538889814175924,51.003309609583226,0.49729948368983323,0.21754026981370006,0.07530514644650123,0.14278236455780532,0.3654619429441576,0.14368650217706821,0.055985153108567894,20901,9143,3165,6001,15360,6039,2353
Bladel,27,20687,46.70508048532895,50.29696724157888,0.49219316478948133,0.06375984918064485,0.04398897858558515,0.13916952675593366,0.3649151641127278,0.17141199787306038,0.06975395175714216,10182,1319,910,2879,7549,3546,1443
Blaricum,160,12346,45.674064474323664,55.839520701829464,0.5101247367568443,0.11145310221934229,0.10254333387331929,0.10213834440304552,0.24761056212538474,0.18572817106755224,0.16256277336789243,6298,1376,1266,1261,3057,2293,2007
Bloemendaal,174,23700,48.896708860759496,56.16049178520234,0.5159493670886076,0.0819831223628692,0.11485232067510548,0.1009704641350211,0.21565400843881857,0.17464135021097046,0.24232067510548524,12228,1943,2722,2393,5111,4139,5743
Bodegraven-Reeuwijk,234,35701,44.67404274390073,52.25909027095325,0.4996778801714238,0.09915688636172657,0.04509677600067225,0.12461835802918686,0.3254530685414974,0.1665499565838492,0.08652418699756309,17839,3540,1610,4449,11619,5946,3089
Boekel,82,11019,44.80733278881931,49.76264722378014,0.4895181050912061,0.06062256103094655,0.029131500136128505,0.13848806606770125,0.3782557400853072,0.16126690262274254,0.04610218713131863,5394,668,321,1526,4168,1777,508
Borger-Odoorn,274,25656,49.04591518553165,47.878008727067986,0.4988696601184908,0.029973495478640474,0.036209853445587775,0.14051294044278143,0.4006859993763642,0.15563610851262863,0.05137199875272841,12799,769,929,3605,10280,3993,1318
Borne,263,23964,45.60227841762644,51.13328826252015,0.5018360874645301,0.06104990819562677,0.05245368052078117,0.1114588549490903,0.32202470372225006,0.1974628609581038,0.09055249540978134,12026,1463,1257,2671,7717,4732,2170
Borsele,215,22815,45.81516546131931,50.28987238664133,0.49222003068156917,0.056936226166995396,0.04185842647381109,0.12754766600920447,0.3811965811965812,0.15437212360289285,0.04891518737672584,11230,1299,955,2910,8697,3522,1116
Boxtel,99,33083,46.72448085119245,49.88347332743884,0.5020403228244114,0.12232868845026146,0.04942115285796331,0.14146238249251883,0.32509143668953844,0.17525617386573164,0.08409152737055285,16609,4047,1635,4680,10755,5798,2782
Breda,312,184236,44.167035758483685,51.77293160655036,0.507414403265377,0.1700427712282073,0.08070626804750429,0.1167035758483684,0.29438871881716927,0.22395188779608763,0.11900497188388806,93484,31328,14869,21501,54237,41260,21925
Brielle,172,17674,47.30575987326016,54.956587966488954,0.5066764739164875,0.08837840896231752,0.06908453094941722,0.12883331447323754,0.3833314473237524,0.16691184791218738,0.060484327260382484,8955,1562,1221,2277,6775,2950,1069
Bronckhorst,299,36018,49.857654506080294,48.56601285643646,0.5,0.03023488255872064,0.0331778555166861,0.13970792381586986,0.37764451107779445,0.17274695985340663,0.07168637903270587,18009,1089,1195,5032,13602,6222,2582
Brummen,11,20876,49.39241233952865,49.86033519553072,0.5036884460624641,0.0732899022801303,0.05130293159609121,0.13767005173404867,0.36443763173021654,0.16344127227438207,0.06854761448553363,10515,1530,1071,2874,7608,3412,1431
Brunssum,315,27631,49.48575874923094,46.88456026058632,0.5069306214034961,0.11610148022149036,0.12449784662154827,0.17433317650465058,0.3839889978647172,0.1357171293112808,0.04252470051753465,14007,3208,3440,4817,10610,3750,1175
Bunnik,49,15577,46.16633498106182,56.2636695018226,0.5052962701418758,0.073184823778648,0.06804904667137446,0.09469089041535597,0.23695191628683315,0.1806509597483469,0.21262117224112473,7871,1140,1060,1475,3691,2814,3312
Bunschoten,301,22304,41.93409253945481,51.553876326718964,0.5010760401721664,0.09146341463414634,0.032101865136298424,0.14638629842180775,0.35244799139167865,0.12957317073170732,0.042458751793400286,11176,2040,716,3265,7861,2890,947
Buren,61,27113,46.37365839265297,51.888663328371,0.49732600597499355,0.05407000331944086,0.04005458636078634,0.14413749861689965,0.3527459152436101,0.156013720355549,0.07380223509017814,13484,1466,1086,3908,9564,4230,2001
Capelle aan den IJssel,64,67119,45.53771659291706,51.2072045251563,0.5159045873746629,0.29632443868353225,0.08562404088261148,0.13805330830316304,0.3411999582830495,0.15488907760842682,0.08449172365500082,34627,19889,5747,9266,22901,10396,5671
Castricum,239,36234,48.30747364353922,53.255411110366545,0.5068719986752773,0.05908814925208368,0.06195838163051278,0.1088756416625269,0.3126345421427389,0.2132803444278854,0.1201357840702103,18366,2141,2245,3945,11328,7728,4353
Coevorden,242,35459,48.31901632871767,47.56801293518646,0.4995346738486703,0.05440085732818185,0.04173834569502806,0.14924278744465438,0.38850503398290986,0.14836853831185312,0.04923996728616148,17713,1929,1480,5292,13776,5261,1746
Cranendonck,57,20645,48.12308064906757,50.075979375333375,0.49455073867764593,0.09212884475659966,0.07706466456769194,0.13606200048437878,0.3468636473722451,0.1823201743763623,0.07013804795349964,10210,1902,1591,2809,7161,3764,1448
Culemborg,70,29339,44.76819250826545,52.414007848490016,0.5043798357135554,0.170626129043253,0.07028187736460002,0.12577115784450732,0.2980674187940966,0.1794539691196019,0.12410102593817103,14798,5006,2062,3690,8745,5265,3641
Dalfsen,18,29136,45.797020867655135,49.90977348462479,0.4939936847885777,0.03789126853377265,0.024951949478308623,0.12877539813289401,0.3584568918176826,0.16989291598023065,0.06476523887973641,14393,1104,727,3752,10444,4950,1887
Dantumadiel,197,18939,46.26611753524473,45.29122242338899,0.4963831247689952,0.027509372194941654,0.02185965468081736,0.1557632398753894,0.3962722424626432,0.12323776334547759,0.034795923755214106,9401,521,414,2950,7505,2334,659
De Bilt,138,43461,47.05197763512114,54.50712991642803,0.5183727939992177,0.11039782793769126,0.08161340052000644,0.10436943466556223,0.2415729044430639,0.1738800303720577,0.21071765490899888,22529,4798,3547,4536,10499,7557,9158
De Fryske Marren,335,51517,47.332492187045055,47.872498217256954,0.49575868160024844,0.04641186404487839,0.037094551313158766,0.14193373061319564,0.37183842226837743,0.16848807189859658,0.05388512529844517,25540,2391,1911,7312,19156,8680,2776
De Ronde Venen,143,44906,46.43795929274484,53.216105042360184,0.5050327350465417,0.10880505945753352,0.07077005299959917,0.12871331225226026,0.31737407028014075,0.17532178328063064,0.11548568120073041,22679,4886,3178,5780,14252,7873,5186
De Wolden,162,24475,48.0120531154239,49.64545816336683,0.4993258426966292,0.029295199182839633,0.026312563840653728,0.1304187946884576,0.37867211440245147,0.16625127681307456,0.06700715015321757,12221,717,644,3192,9268,4069,1640
Delft,26,104357,41.87535095872821,47.441593077698094,0.47174602566191054,0.30526941173088534,0.07839435782937416,0.09487624213037937,0.2929175809960041,0.21612349914236706,0.18313098306773862,49230,31857,8181,9901,30568,22554,19111
Den Helder,228,56246,47.37526224087046,49.23514607725134,0.5033602389503253,0.12729794118692886,0.08270810368737333,0.1547132240514881,0.4121359741137148,0.11506596024606194,0.03593144401379653,28312,7160,4652,8702,23181,6472,2021
Deurne,292,32574,46.665223798121204,49.5435011269722,0.49634677964020385,0.06922699085159943,0.035856818321360596,0.14526923313071774,0.358414686559833,0.15874623933198256,0.060938171547860256,16168,2255,1168,4732,11675,5171,1985
Deventer,198,101306,44.52679012101949,49.89271838729383,0.505192189998618,0.15979310208674707,0.0675873097348627,0.12658677669634572,0.32099776913509565,0.18816259648984265,0.09928335932718693,51179,16188,6847,12824,32519,19062,10058
Diemen,310,31763,41.71589585366622,53.656547927719494,0.509618109120675,0.40015111922677327,0.10124988193810408,0.0956458772785946,0.29241570380631554,0.20432578786638542,0.16336618077637502,16187,12710,3216,3038,9288,6490,5189
Dinkelland,262,26567,46.75070576278842,49.50814273469572,0.4883125682237362,0.03673730567997892,0.04509353709489216,0.12620920691082924,0.37162645387134413,0.19102646139948057,0.06395151880152068,12973,976,1198,3353,9873,5075,1699
Doesburg,241,11028,50.113710554951034,47.13553310404127,0.5143271672107363,0.13864708015959376,0.07018498367791078,0.15932172651432716,0.36942328618063114,0.15206746463547335,0.06528835690968444,5672,1529,774,1757,4074,1677,720
Doetinchem,21,58452,46.16664955861219,48.88132558041546,0.5034558270033532,0.09072401286525696,0.06037432423184835,0.14416957503592692,0.35559091220146444,0.17328748374734826,0.0620851296790529,29428,5303,3529,8427,20785,10129,3629
Dongen,293,26456,46.4807227094043,51.291655089376675,0.4990550347747203,0.0960462654974297,0.0504611430299365,0.13773813123677048,0.3528500151194436,0.1767840943453281,0.06799969761112791,13203,2541,1335,3644,9335,4677,1799
Dordrecht,51,119370,44.95160425567563,50.712389287882914,0.5039457150037698,0.23345061573259612,0.08213118874088968,0.14113261288430928,0.33296473150707884,0.1588338778587585,0.07866298064840412,60156,27867,9804,16847,39746,18960,9390
Drechterland,156,19964,46.0381687036666,49.70090726420264,0.4954918853937087,0.07333199759567222,0.04412943297936285,0.13895011019835704,0.35243438188739734,0.16634942897214988,0.06156080945702264,9892,1464,881,2774,7036,3321,1229
Drimmelen,117,27448,47.740855435733025,51.35268902735428,0.5011294083357621,0.06590644127076654,0.040767997668318276,0.13454532206353834,0.3633415913727776,0.17480326435441562,0.0676552025648499,13755,1809,1119,3693,9973,4798,1857
Dronten,267,42814,44.27568085205774,50.162477980035234,0.4978745270238707,0.12995749054047742,0.06030737609193255,0.1335077311159901,0.36934180408277667,0.16480590461064137,0.05379081608819545,21316,5564,2582,5716,15813,7056,2303
Druten,279,19156,46.17649822509919,50.44163286330565,0.49869492587178954,0.08221967007726039,0.049488410941741494,0.14287951555648362,0.35049070787220715,0.17023386928377532,0.0622259344330758,9553,1575,948,2737,6714,3261,1192
Duiven,77,24923,46.633792079605186,50.882111068111456,0.5060787224651928,0.08562372106086748,0.06804959274565663,0.13878746539341172,0.37363078281105805,0.18171969666573046,0.06419772900533643,12613,2134,1696,3459,9312,4529,1600
Echt-Susteren,186,31698,49.829011294087955,49.317545336291985,0.4995898794876648,0.089564010347656,0.08905924664016657,0.14016657202347152,0.3493911287778409,0.18285065303804657,0.07483121963530823,15836,2839,2823,4443,11075,5796,2372
Edam-Volendam,232,36433,45.92317404550819,51.205404327450395,0.4995471138802734,0.05860071912826284,0.041555732440369995,0.15241676502072296,0.3365355584223094,0.15603985397853595,0.07597507753959322,18200,2135,1514,5553,12261,5685,2768
Ede,158,119795,43.315113318585915,50.886320398771375,0.5036854626653867,0.11305146291581451,0.052882006761550984,0.12453775199298803,0.32210860219541715,0.16824575316165116,0.08863475103301473,60339,13543,6335,14919,38587,20155,10618
Eemnes,81,9431,46.1392217156187,52.525241956578604,0.5095960131481285,0.07252677340684975,0.07570777224048351,0.12109002226699184,0.3328385112925459,0.18630049835648393,0.09087053334747111,4806,684,714,1142,3139,1757,857
Eemsdelta,247,45300,48.42578366445916,46.33047856185186,0.498476821192053,0.10852097130242826,0.05437086092715232,0.1513907284768212,0.4240176600441501,0.12348785871964679,0.03666666666666667,22581,4916,2463,6858,19208,5594,1661
Eersel,181,19811,47.102165463631316,52.26084806527383,0.4946746756852254,0.05991620816717985,0.04371308868810257,0.12170006562011004,0.3375397506435818,0.18883448589167634,0.0937862803493009,9800,1187,866,2411,6687,3741,1858
Eijsden-Margraten,9,25818,48.71058951119374,52.519346356123215,0.4996901386629483,0.058757456038422806,0.07854984894259819,0.1056239832674878,0.31795646448214426,0.20570919513517702,0.12255015880393524,12901,1517,2028,2727,8209,5311,3164
Eindhoven,298,237879,42.90957587681132,51.30163490274345,0.4819887421756439,0.3185863401140916,0.08200387592011064,0.11847620008491712,0.28961783091403615,0.1970203338672182,0.140470575376557,114655,75785,19507,28183,68894,46867,33415
Elburg,48,23700,44.06936708860759,48.72144891707422,0.49755274261603377,0.04059071729957806,0.028143459915611815,0.1480168776371308,0.3577637130801688,0.13784810126582278,0.044261603375527425,11792,962,667,3508,8479,3267,1049
Emmen,20,107668,47.483421257941075,46.31802019788933,0.5011238250919493,0.078639893004421,0.05098079280751941,0.16744993870044952,0.40446557937363004,0.12559906378868374,0.033473269680870825,53955,8467,5489,18029,43548,13523,3604
Enkhuizen,125,18594,46.31149833279552,48.98824533753612,0.4971496181563945,0.11573625900828224,0.05738410239862321,0.15246853823814133,0.35522211466064324,0.14757448639346027,0.05733032160912122,9244,2152,1067,2835,6605,2744,1066
Enschede,44,160331,43.475466378928594,45.19069336674735,0.4878220680966251,0.22762909231527279,0.08666446289239137,0.13112872744509796,0.3506558307501357,0.1671105400702297,0.08609688706488453,78213,36496,13895,21024,56221,26793,13804
Epe,259,33222,48.3575943651797,48.559370055561686,0.5007525133947385,0.07648546144121365,0.0420805490337728,0.14463307446872553,0.3576846667870688,0.15098428752031787,0.06540846427066402,16636,2541,1398,4805,11883,5016,2173
Ermelo,43,27212,46.96277377627517,49.96237614507385,0.5020946641187711,0.06706600029398795,0.04927972953108922,0.13681464059973542,0.3320961340585036,0.16764662648831397,0.07911950610024988,13663,1825,1341,3723,9037,4562,2153
Etten-Leur,97,44108,45.77462138387594,50.62450126440011,0.5068241588827423,0.13476013421601524,0.06574771016595629,0.14258184456334452,0.33862337897887007,0.1772921012061304,0.06706266436927541,22355,5944,2900,6289,14936,7820,2958
Geertruidenberg,113,21920,46.262408759124085,50.90179171332587,0.502235401459854,0.07007299270072993,0.042746350364963506,0.1489963503649635,0.375,0.1552463503649635,0.05018248175182482,11009,1536,937,3266,8220,3403,1100
Geldrop-Mierlo,142,40081,46.59097826900526,51.11859501614574,0.5020084329233303,0.12142910606022804,0.06920985005364137,0.137546468401487,0.32716249594570995,0.17769017739078366,0.09024225942466506,20121,4867,2774,5513,13113,7122,3617
Gemert-Bakel,185,31013,45.563086447618744,49.817258083572916,0.4925998774707381,0.07870892851384903,0.037951826653338926,0.1367813497565537,0.3564311740237965,0.15941701866959018,0.05658917228259117,15277,2441,1177,4242,11054,4944,1755
Gennep,240,17217,48.651158738456175,49.066503878195924,0.4897485043852007,0.08212812917465295,0.067839925654876,0.14061683220073184,0.373468083870593,0.16048092002090958,0.059824591973049894,8432,1414,1168,2421,6430,2763,1030
Gilze en Rijen,277,26486,46.13305142339349,50.11484842814371,0.4991316167031639,0.1241788114475572,0.05772861134184097,0.1336932719172393,0.3464849354375897,0.17190213697802612,0.06762062976666919,13220,3289,1529,3541,9177,4553,1791
Goeree-Overflakkee,132,50993,46.38258192300904,50.987265350019555,0.5067166081619046,0.04326083972309925,0.033357519659561116,0.14043103955444866,0.3736787402192458,0.14364716725825113,0.04926166336555998,25839,2206,1701,7161,19055,7325,2512
Goes,165,38909,47.47269269320723,49.90806365548197,0.5093166105528284,0.11182502762856923,0.06309594181294816,0.13564984964918142,0.3571924233467835,0.17432984656506206,0.06605155619522475,19817,4351,2455,5278,13898,6783,2570
Goirle,88,23954,46.79051515404525,51.84443873619317,0.5042999081573015,0.06516656925774401,0.05564832595808633,0.12724388411121315,0.30930116055773565,0.19541621441095433,0.09802120731401853,12080,1561,1333,3048,7409,4681,2348
Gooise Meren,29,58748,45.40289031115953,55.92333796082061,0.5154388234493089,0.1182508340709471,0.10468441478858855,0.10592701028120106,0.2351399196568394,0.17522298631442773,0.20584530537209778,30281,6947,6150,6223,13814,10294,12093
Gorinchem,233,37575,44.528649367930804,51.09715592680986,0.5032601463739188,0.19944111776447107,0.07161676646706587,0.14011976047904193,0.3337059214903526,0.16303393213572853,0.07834996673320027,18910,7494,2691,5265,12539,6126,2944
Gouda,56,73980,44.711719383617194,51.60517941032851,0.5081373344147067,0.2026088131927548,0.07065423087320898,0.12589889159232226,0.2990132468234658,0.17091105704244391,0.11782914301162477,37592,14989,5227,9314,22121,12644,8717
Groningen,229,234048,41.08872538966366,46.630681374107056,0.5023499453103637,0.18601312551271534,0.07263894585726005,0.0861789034727919,0.33015022559474977,0.23563969783975935,0.16221458846048672,117574,43536,17001,20170,77271,55151,37966
Gulpen-Wittem,322,14155,51.91458245019076,49.50799899489069,0.4974214058636524,0.0639350052984811,0.08089014482515013,0.13203814906393502,0.34864005651713176,0.19371246909219358,0.09692688096079125,7041,905,1145,1869,4935,2742,1372
Haaksbergen,33,24224,48.064770475561424,48.475926017751775,0.4998761558784676,0.06951783355350066,0.05552344782034346,0.13697159841479525,0.36476221928665786,0.1794914134742404,0.0603946499339498,12109,1684,1345,3318,8836,4348,1463
Haarlem,84,162561,43.60576029921076,54.436831778011246,0.5087259551799017,0.2247710090366078,0.09659758490658892,0.10982954091079657,0.25922576755802434,0.19528669238009116,0.15878962358745333,82699,36539,15703,17854,42140,31746,25813
Haarlemmermeer,122,159098,43.90756640561163,53.842795239740006,0.5024764610491647,0.2206627361751876,0.085337339250022,0.13662648179109732,0.32642773636375066,0.16940502080478698,0.08827892242517191,79943,35107,13577,21737,51934,26952,14045
Halderberge,199,30736,47.75071577303488,49.75634133715605,0.5025702758979698,0.12203930244664238,0.04795679333680375,0.14826262363352422,0.3627017178552837,0.15597345132743362,0.05592790213430505,15447,3751,1474,4557,11148,4794,1719
Hardenberg,22,61729,44.338333684329896,48.27784088604,0.49187577961735973,0.043253576114954076,0.03171928915096632,0.1432713959403198,0.40055727453870954,0.13261190040337606,0.03842602342497044,30363,2670,1958,8844,24726,8186,2372
Harderwijk,108,48789,44.07263932443789,50.32088898055999,0.5051343540552173,0.13812539711820288,0.058640267273360795,0.13714156879624506,0.3264670315030027,0.1691569821066224,0.06776117567484474,24645,6739,2861,6691,15928,8253,3306
Hardinxveld-Giessendam,246,18502,42.61625770187007,50.05622068192957,0.5019457355961517,0.05394011458220733,0.029726516052318668,0.14057939682196519,0.35374554102259215,0.1430115663171549,0.04107664036320398,9287,998,550,2601,6545,2646,760
Harlingen,303,15879,48.39555387618868,45.19359545384734,0.4989608917438126,0.07330436425467599,0.057560299766987844,0.16468291454121797,0.3728194470684552,0.14635682347754897,0.04250897411675798,7923,1164,914,2615,5920,2324,675
Hattem,238,12294,45.871238002277536,50.624746655857315,0.5049617699690906,0.044737270213112086,0.03831137140068326,0.12550837807060355,0.32178298356922075,0.16943224337074997,0.09972344232959167,6208,550,471,1543,3956,2083,1226
Heemskerk,203,39155,47.17438385902184,51.34848202065447,0.5114544758013025,0.1492785084918912,0.0641042012514366,0.13400587409015452,0.3659558166262291,0.1624824415783425,0.06290384369812284,20026,5845,2510,5247,14329,6362,2463
Heemstede,281,27534,48.401394639354976,57.00332615009838,0.5254231132418101,0.102963608629331,0.10899251834096027,0.09533667465678797,0.21210140190310162,0.18816735672259752,0.22336020919590324,14467,2835,3001,2625,5840,5181,6150
Heerde,41,18965,47.408858423411544,49.22749462995509,0.5054046928552597,0.03791194305299236,0.029369891906142895,0.13398365409965726,0.35860796203532824,0.15565515423147905,0.0614816767730029,9585,719,557,2541,6801,2952,1166
Heerenveen,98,51051,46.55977355977356,48.474581996284414,0.5013222072045601,0.07995925642984467,0.04781493016787135,0.14066325831031715,0.35364635364635366,0.17780258956729544,0.07134042428160076,25593,4082,2441,7181,18054,9077,3642
Heerlen,104,86694,48.083489053452375,45.99625358216258,0.5002422312962835,0.1822271437469721,0.1179205019955245,0.17123445682515515,0.35625302789120356,0.13795649064525803,0.05705123768657577,43368,15798,10223,14845,30885,11960,4946
Heeze-Leende,75,16451,48.44684213725609,53.071635150166856,0.49705185095130994,0.06583186432435718,0.051911737888274266,0.11342775515166251,0.31001154944988146,0.21147650598747797,0.11895933377910158,8177,1083,854,1866,5100,3479,1957
Heiloo,209,24376,49.025106662290774,52.9146305125149,0.5057843780767969,0.06489990154250082,0.06867410567771579,0.10612897932392518,0.2964801444043321,0.22505743354118804,0.13447653429602888,12329,1582,1674,2587,7227,5486,3278
Hellendoorn,126,35894,46.382069426645124,48.77778918197681,0.4993592243829052,0.04287624672647239,0.029280659720287514,0.13506435615980386,0.38418677216247843,0.16250626845712376,0.054187329358667186,17924,1539,1051,4848,13790,5833,1945
Hellevoetsluis,36,40504,46.57411613667786,52.23331305141466,0.5062956745012839,0.12569128974916058,0.07601718348805056,0.14855322931068538,0.3941092237803674,0.13361643294489434,0.0445881888208572,20507,5091,3079,6017,15963,5412,1806
Helmond,294,93361,44.16126648172149,49.30489126126364,0.4953031779865254,0.22100234573322908,0.07340324118207817,0.1627553260997633,0.3336189629502683,0.14365741583744818,0.06241364167050482,46242,20633,6853,15195,31147,13412,5827
Hendrik-Ido-Ambacht,129,31647,42.184756848990425,54.15626940431345,0.5081050336524789,0.09884033241697475,0.05940531487976743,0.11817865832464372,0.32489651467753655,0.1695895345530382,0.0676209435333523,16080,3128,1880,3740,10282,5367,2140
Hengelo,78,81343,45.69070479328276,48.77562479521015,0.4960598945207332,0.16596388134197165,0.0768351302509128,0.12773072052911744,0.3564412426391945,0.18795716902499293,0.07969954390666684,40351,13500,6250,10390,28994,15289,6483
Het Hogeland,91,47945,47.668432578996764,46.97613525076027,0.49767441860465117,0.047867348002920015,0.03718844509333612,0.14224632391281677,0.3834810720617374,0.15023464386275942,0.06284284075503181,23861,2295,1783,6820,18386,7203,3013
Heumen,153,17148,47.69314205738279,52.509628008752735,0.5015162118031258,0.10158619080942384,0.06735479356193141,0.10975040821087008,0.2969442500583158,0.18754373687893633,0.15086307441101002,8600,1742,1155,1882,5092,3216,2587
Heusden,40,45479,46.18837265551134,51.023745075442875,0.4977242243672904,0.10609292200795972,0.04692275555751006,0.13786582818443677,0.34193803733591327,0.16966072253127817,0.07651883286791707,22636,4825,2134,6270,15551,7716,3480
Hillegom,282,22281,45.99721736008258,52.29978574960172,0.502894843139895,0.13033526322875993,0.06588573223822988,0.13765091333423096,0.34441901171401645,0.16529778735245276,0.07957452538036892,11205,2904,1468,3067,7674,3683,1773
Hilvarenbeek,1,15780,47.58307984790874,51.79255560599183,0.4991761723700887,0.04404309252217997,0.04062103929024081,0.12167300380228137,0.33174904942965777,0.2093789607097592,0.09074778200253486,7877,695,641,1920,5235,3304,1432
Hilversum,182,91552,44.34085547011534,53.75725080564507,0.5085306710940231,0.2155277874868927,0.09007995456134218,0.11890510311080042,0.2758541593848305,0.17904578818594896,0.14955435162530584,46557,19732,8247,10886,25255,16392,13692
Hoeksche Waard,148,88596,46.74804731590591,52.57121979734996,0.5063434015079687,0.05502505756467561,0.04675154634520746,0.1342159916926272,0.35808614384396587,0.1684274685087363,0.06329856878414375,44860,4875,4142,11891,31725,14922,5608
Hof van Twente,136,35018,48.52210291849906,49.0834725679408,0.500371237649209,0.054286367011251356,0.041692843680392944,0.12993317722314238,0.36429836084299505,0.17959335199040494,0.07281969272945342,17522,1901,1460,4550,12757,6289,2550
Hollands Kroon,168,48716,46.197039986862634,49.04905987135081,0.4914401839231464,0.08389440840791526,0.04206010345676985,0.1453937104852615,0.39219147713276953,0.14516791197963708,0.041013219476147465,23941,4087,2049,7083,19106,7072,1998
Hoogeveen,202,55807,45.86399555611303,46.82666516904414,0.49821706954324724,0.08228358449656853,0.03624993280412851,0.16064293009837474,0.38749619223394915,0.12441091619330909,0.03377712473345638,27804,4592,2023,8965,21625,6943,1885
Hoorn,177,74197,44.74779303745434,50.47672135511997,0.5070690189630308,0.17810693154709759,0.07516476407401916,0.1404234672560885,0.3417658395892017,0.16813348248581478,0.06796770758925563,37623,13215,5577,10419,25358,12475,5043
Horst aan de Maas,250,42976,47.221076880119135,49.29525618788029,0.4958116157855547,0.08655994043186895,0.041511541325390915,0.1457325018615041,0.36997393894266567,0.17993763961280715,0.062127699180938196,21308,3720,1784,6263,15900,7733,2670
Houten,344,50272,43.48277371101209,55.70243706749574,0.5067830999363463,0.0994788351368555,0.0694024506683641,0.11493475493316359,0.27211966900063655,0.19100095480585613,0.15927355187778486,25477,5001,3489,5778,13680,9602,8007
Huizen,107,40884,47.8535123764798,51.70004533776636,0.5179287740925546,0.13790235789061736,0.08032482144604246,0.12777614714802857,0.3277810390372762,0.18276098229136092,0.09734859602778594,21175,5638,3284,5224,13401,7472,3980
Hulst,68,27511,49.58136745301879,49.10332546854828,0.5001635709352623,0.17516629711751663,0.12478644905674094,0.15466540656464686,0.3623277961542656,0.15077605321507762,0.05641379811711679,13760,4819,3433,4255,9968,4148,1552
IJsselstein,163,33384,44.95959142104002,52.93464436684433,0.513868919242751,0.14605799185238438,0.06706805655403786,0.13578360891445004,0.32794152887610833,0.18359094176851187,0.08701773304577043,17155,4876,2239,4533,10948,6129,2905
Kaag en Braassem,120,27870,46.1086472909939,52.59103604783102,0.4946178686759957,0.08815931108719052,0.04607104413347686,0.13710082526013634,0.3444205238607822,0.1702188733405095,0.07886616433440977,13785,2457,1284,3821,9599,4744,2198
Kampen,248,54735,42.428044213026396,48.3635284533923,0.49953411893669497,0.06995523887823148,0.03655796108522883,0.1364392070887001,0.34800401936603637,0.15527541792271854,0.05314698090801133,27342,3829,2001,7468,19048,8499,2909
Kapelle,92,13001,45.37204830397662,50.4942726231386,0.5022690562264441,0.05791862164448888,0.044765787247134835,0.12614414275824937,0.34966541035304977,0.173986616414122,0.061456811014537344,6530,753,582,1640,4546,2262,799
Katwijk,236,65977,43.47186140624763,50.6820002310625,0.5032208193764494,0.08419600769965291,0.03852857814086727,0.14859723843157463,0.35098594964912017,0.1298482804613729,0.057338163299331585,33201,5555,2542,9804,23157,8567,3783
Kerkrade,116,45234,49.683888225670955,45.50525553708371,0.4981208825219967,0.19301852588760668,0.12985807136224964,0.18225228810187027,0.37504974134500596,0.12050669850112747,0.04003625591369324,22532,8731,5874,8244,16965,5451,1811
Koggenland,184,23021,45.80092089831024,50.56115032128937,0.49572129794535424,0.052213196646540116,0.03939880978237262,0.13596281655879414,0.370791885669606,0.1689761522088528,0.05642674080187655,11412,1202,907,3130,8536,3890,1299
Krimpen aan den IJssel,62,29403,46.20630547903275,49.86907069923743,0.5174982144679114,0.12012379689147366,0.0589055538550488,0.13974764479814986,0.33795871169608543,0.15284154678094072,0.0631568207325783,15216,3532,1732,4109,9937,4494,1857
Krimpenerwaard,216,57003,45.3534024525025,51.03286837322355,0.5039208462712489,0.07597845727417855,0.04329596687893619,0.1393084574496079,0.3482097433468414,0.15888637440134729,0.063294914302756,28725,4331,2468,7941,19849,9057,3608
Laarbeek,317,22918,46.852124967274634,50.24764690241957,0.49415306745789334,0.058120254821537654,0.03913954097216162,0.14765686360066324,0.3526922069988655,0.16751025394886115,0.0662361462605812,11325,1332,897,3384,8083,3839,1518
Landgraaf,208,36968,49.63495455529106,48.04622616871246,0.5078175719541225,0.10933780566976845,0.1211858904998918,0.1622213806535382,0.37302531919497944,0.14653213590132005,0.05258602034191733,18773,4042,4480,5997,13790,5417,1944
Landsmeer,141,11545,46.32247726288436,53.655022309282835,0.5171069727154612,0.11017756604590732,0.08384582070160243,0.11736682546556951,0.2886964053702902,0.18033780857514076,0.1249025552187094,5970,1272,968,1355,3333,2082,1442
Lansingerland,217,64063,42.20251939497057,56.20825581157613,0.507078969139753,0.12703120365889828,0.07503551191795577,0.11302936172205486,0.2701715498805863,0.1839283205594493,0.12412781168537221,32485,8138,4807,7241,17308,11783,7952
Laren,155,11521,51.39224025692214,55.13186054539178,0.5276451696901311,0.0975609756097561,0.1181321065879698,0.10762954604635014,0.23739258744900615,0.18270983421577988,0.20032983247981945,6079,1124,1361,1240,2735,2105,2308
Leeuwarden,278,125210,44.04040412107659,47.220861428374846,0.5025157735005191,0.12343263317626388,0.06132098075233607,0.12774538774858238,0.3663125948406677,0.19896174426962704,0.06831722705854165,62920,15455,7678,15995,45866,24912,8554
Leiden,331,124793,42.33870489530663,50.77579038586993,0.5155497503866403,0.240814789291066,0.08806583702611524,0.09357095349899433,0.2720024360340724,0.19372881491750338,0.2295240918961801,64337,30052,10990,11677,33944,24176,28643
Leiderdorp,118,27438,46.73598658794373,53.94083926732053,0.5153801297470662,0.1548217800131205,0.08109191632043151,0.11352868284860412,0.2876667395582768,0.18055251840513156,0.15088563306363437,14141,4248,2225,3115,7893,4954,4140
Leidschendam-Voorburg,221,76557,46.70210431443238,54.6504224055751,0.5182804968846741,0.24306072599501025,0.09579790221664904,0.11153780843031989,0.26197473777708113,0.17085308985461814,0.16988648980498192,39678,18608,7334,8539,20056,13080,13006
Lelystad,269,81106,43.117895100239195,49.27692957482088,0.497164204867704,0.2592903114442828,0.09298942125120213,0.15546322097008852,0.3508001874090696,0.1361058368061549,0.05412669839469336,40323,21030,7542,12609,28452,11039,4390
Leudal,67,35885,49.20002786679671,50.081694452763635,0.4934373693743904,0.07894663508429706,0.05776786958339139,0.13579490037620176,0.3710742650132367,0.18283405322558172,0.07178486832938553,17707,2833,2073,4873,13316,6561,2576
Leusden,13,30689,46.62605493825149,54.24739237243768,0.5110300107530386,0.0752060999055036,0.06979699566619961,0.10997425787741535,0.30398514125582454,0.20512235654469027,0.12704877969304962,15683,2308,2142,3375,9329,6295,3899
Lingewaard,17,46914,46.69305537792557,50.69511273295973,0.5042631197510338,0.05682738628128064,0.05256426653024684,0.1381463955322505,0.34143326086029757,0.17297608389819671,0.08059427889329411,23657,2666,2466,6481,16018,8115,3781
Lisse,90,22972,47.034825004353124,51.47557894736842,0.5063990945498869,0.09468048058506007,0.05328225666028208,0.13468570433571303,0.34707469963433746,0.17199199024899878,0.0740901967612746,11633,2175,1224,3094,7973,3951,1702
Lochem,270,34017,50.514566246288624,50.00968153769771,0.5050415968486345,0.05997001499250375,0.050974512743628186,0.12411441338154452,0.3269835670400094,0.1917864597113208,0.11608901431637123,17180,2040,1734,4222,11123,6524,3949
Loon op Zand,89,23738,47.244881624399696,50.23123474369406,0.5050130592299267,0.07978768219732076,0.042758446372904206,0.1410396832083579,0.365489931754992,0.16686325722470302,0.06209453197405004,11988,1894,1015,3348,8676,3961,1474
Lopik,261,14499,44.16690806262501,51.45966643975493,0.48927512242223603,0.06586661149044762,0.0382785019656528,0.14814814814814814,0.37361197323953377,0.13794054762397406,0.05421063521622181,7094,955,555,2148,5417,2000,786
Losser,225,23050,47.4085032537961,47.84050781458367,0.49462039045553147,0.06629067245119306,0.08039045553145337,0.13904555314533623,0.3798698481561822,0.15275488069414317,0.05622559652928417,11401,1528,1853,3205,8756,3521,1296
Maasdriel,311,25471,45.73079188096266,51.12664679296086,0.48910525695889445,0.10757331867614149,0.037689921871932784,0.15099524949943072,0.35169408346747283,0.15095598916414746,0.0657218012641828,12458,2740,960,3846,8958,3845,1674
Maasgouw,38,23977,50.54147724903032,50.42871531449867,0.49660090920465444,0.07186053301080202,0.07945114067648162,0.13350294031780457,0.36501647412103266,0.1907244442590816,0.0755724235725904,11907,1723,1905,3201,8752,4573,1812
Maassluis,24,34118,45.81080368134123,50.389918592818724,0.5083826719033941,0.22369423764581745,0.07145788147019169,0.14356058385602907,0.3368896183832581,0.14959845242980244,0.055483908787150475,17345,7632,2438,4898,11494,5104,1893
Maastricht,55,120929,45.652275302036735,45.539539903082876,0.5217524332459542,0.25749820142397606,0.08467778613897411,0.12050872826203805,0.34346600071116107,0.1802876067775306,0.14179394520751845,63095,31139,10240,14573,41535,21802,17147
Medemblik,121,45354,46.145874674780615,49.12517208800108,0.49179785685937294,0.09178903735061957,0.048132469021475506,0.15065925827931384,0.3621731269568285,0.1458526260087313,0.05086651673501786,22305,4163,2183,6833,16426,6615,2307
Meerssen,296,18556,50.39496658762664,51.4633346198379,0.5076525113170942,0.06617805561543436,0.06860314723000646,0.13160163828411295,0.3303513688294891,0.19670187540418194,0.10907523173097651,9420,1228,1273,2442,6130,3650,2024
Meierijstad,114,82496,46.06546984096199,50.51622756777396,0.4955634212567882,0.11095083397982933,0.04255963925523662,0.13972798681148177,0.34495005818463925,0.1721416795965865,0.06856089992242048,40882,9153,3511,11527,28457,14201,5656
Meppel,318,34721,45.0774459260966,49.91445438282648,0.5121684283286771,0.0832349298695314,0.045476800783387575,0.12989257221854209,0.36012787650125283,0.18127358083004522,0.07151291725468736,17783,2890,1579,4510,12504,6294,2483
Middelburg,330,49147,46.03438663601034,49.19275862938403,0.5130730258204977,0.13121858913056747,0.0708079842106334,0.12171648320345087,0.3544875577349584,0.175595661993611,0.0783364193134881,25216,6449,3480,5982,17422,8630,3850
Midden-Delfland,332,19465,45.497045979964035,54.08845006032129,0.49899820190084765,0.0874903673259697,0.05101464166452607,0.10963267403031081,0.2945286411507835,0.19933213460056512,0.1205240174672489,9713,1703,993,2134,5733,3880,2346
Midden-Drenthe,288,33632,48.126575880114174,49.29624578278659,0.5003865366317792,0.04323263558515699,0.031874405328258804,0.1283301617507136,0.3970325880114177,0.16965984776403426,0.06276760228353949,16829,1454,1072,4316,13353,5706,2111
Midden-Groningen,336,60792,47.43972891169891,47.078936655267874,0.4979767074615081,0.10297407553625477,0.05281944992762205,0.14921371233056982,0.3966969338070799,0.1358402421371233,0.04862481905513883,30273,6260,3211,9071,24116,8258,2956
Moerdijk,249,37268,47.15211441451111,51.28884838226678,0.4979607169689814,0.08476440914457443,0.047171836428034776,0.14814317913491468,0.38035311795642374,0.15667596865943972,0.051250402490071914,18558,3159,1758,5521,14175,5839,1910
Molenlanden,321,44613,43.60152870239616,50.790439510647936,0.4940712348418622,0.04740770627395602,0.029677448277407932,0.13814359043328178,0.36310044157532556,0.13998161970726022,0.054513258467262904,22042,2115,1324,6163,16199,6245,2432
Montferland,133,36303,48.253780679282706,48.05171448334925,0.49891193565270087,0.06682643307715616,0.06090405751590778,0.15472550477921934,0.3867999889816269,0.1474533785086632,0.05142825661791037,18112,2426,2211,5617,14042,5353,1867
Montfoort,313,13803,44.88727088314135,52.58346595932803,0.5011229442874737,0.06534811272911686,0.04462797942476273,0.136999203071796,0.337897558501775,0.17119466782583495,0.08164891690212273,6917,902,616,1891,4664,2363,1127
Mook en Middelaar,167,7973,50.46895773234667,52.42104486422668,0.5060830302270162,0.0684811237928007,0.07613194531543961,0.11626740248338141,0.3104226765332999,0.20356202182365485,0.15778251599147122,4035,546,607,927,2475,1623,1258
Neder-Betuwe,187,25018,41.51714765368934,48.36089013674414,0.494563913981933,0.0710688304420817,0.025061955392117675,0.14957230793828444,0.3614197777600128,0.103365576784715,0.03545447277959869,12373,1778,627,3742,9042,2586,887
Nederweert,10,17304,48.02022653721683,49.83922383922384,0.4923139158576052,0.059754969949144705,0.042706888580674986,0.13858067498844198,0.3543111419325012,0.17990060101710587,0.0691169671752196,8519,1034,739,2398,6131,3113,1196
Nieuwegein,23,64455,45.11245054689318,52.23378665050382,0.5045845939027228,0.21248933364362735,0.08194864634240943,0.1394150958032736,0.3466294313862385,0.15958420603521836,0.08685129159878985,32523,13696,5282,8986,22342,10286,5598
Nieuwkoop,191,29233,46.04830157698491,52.132515856236786,0.49433858994971436,0.07751513700270242,0.0420073204939623,0.13265829712995586,0.3538808880374919,0.16084561967639313,0.06872370266479663,14451,2266,1228,3878,10345,4702,2009
Nijkerk,210,44253,43.99830519964748,50.961175265942316,0.5010507762185614,0.0848078096400244,0.04246039816509615,0.13384403317289223,0.32632815854292363,0.1665197839694484,0.06935123042505593,22173,3753,1879,5923,14441,7369,3069
Nijmegen,73,178690,42.324651631316804,48.91645887842167,0.5158822541832223,0.18509709552856904,0.084890033018076,0.09547260618949018,0.27241031954782025,0.20959762717555544,0.19680452179752644,92183,33075,15169,17060,48677,37453,35167
Nissewaard,4,86237,45.422208564769186,51.67506840588942,0.5101522548326125,0.19172744877488782,0.08093973584424319,0.15087491447986362,0.39550309032085995,0.12464487400999572,0.03900877813467537,43994,16534,6980,13011,34107,10749,3364
Noardeast-Fryslï¿½n,291,45534,45.801357227566214,45.850380458756064,0.4968155663899504,0.033798919488733696,0.028264593490578468,0.15160100144946634,0.38940132648131065,0.13780910967628585,0.03792770237624632,22622,1539,1287,6903,17731,6275,1727
Noord-Beveland,47,7662,51.292090837901334,48.828208658406,0.49752022970503784,0.0858783607413208,0.05520751761942052,0.1294701122422344,0.40942312712085616,0.16731923779691987,0.05807883059253459,3812,658,423,992,3137,1282,445
Noordenveld,268,31204,49.77778489937187,49.6652041056178,0.5031406229970516,0.03977054223817459,0.03829637225996667,0.13123317523394437,0.3325214716062043,0.1884053326496603,0.1002115113446994,15700,1241,1195,4095,10376,5879,3127
Noordoostpolder,286,48001,43.41453303056186,48.341113535955714,0.49336472156830063,0.12585154475948418,0.04322826607779005,0.14030957688381493,0.3650757275890086,0.1501635382596196,0.040957480052498905,23682,6041,2075,6735,17524,7208,1966
Noordwijk,119,44301,46.89402045100562,52.02866638969672,0.4972573982528611,0.1198618541342182,0.06340714656554028,0.12419584208031421,0.3252071059344033,0.1813051624116837,0.0967698246089253,22029,5310,2809,5502,14407,8032,4287
"Nuenen, Gerwen en Nederwetten",60,23791,48.276659240889416,53.546803828240954,0.5053171367323778,0.07960993653062082,0.06262872514816527,0.11020974318019419,0.28880669160606953,0.21638434702198311,0.13278130385439874,12022,1894,1490,2622,6871,5148,3159
Nunspeet,127,28187,44.442686344768866,48.71082132235186,0.5054812502217334,0.04509170894383936,0.028169014084507043,0.14286727924220385,0.35065810480008514,0.1361620605243552,0.04814276084719906,14248,1271,794,4027,9884,3838,1357
Oegstgeest,72,25462,45.10501924436415,58.58360807747785,0.5172806535228969,0.16593354803236196,0.09881391878092845,0.09445448118765219,0.21329824837012018,0.16589427381980992,0.2535935904485115,13171,4225,2516,2405,5431,4224,6457
Oirschot,170,19039,47.58884395188823,51.91014088082244,0.4958243605231367,0.05593781185986659,0.03303744944587426,0.13682441304690374,0.35343242817374865,0.18136456746677873,0.08430064604233416,9440,1065,629,2605,6729,3453,1605
Oisterwijk,139,32461,48.15770178681454,51.687154410381794,0.5024182865592557,0.06915991497489295,0.0467946150765534,0.12562767628846924,0.31520902005483503,0.19768337389482765,0.10745201934629248,16309,2245,1519,4078,10232,6417,3488
Oldambt,110,38462,48.84153190161718,45.46150209587444,0.4984660184077791,0.06260724871301544,0.05501533981592221,0.16564401227185274,0.409729083251001,0.12048255420934949,0.035125578493058085,19172,2408,2116,6371,15759,4634,1351
Oldebroek,251,23894,44.240646187327364,48.33224668661821,0.49723780028459025,0.04001004436260149,0.02498535197120616,0.15049803297899053,0.3595044781116598,0.1235038084874864,0.04201891688289947,11881,956,597,3596,8590,2951,1004
Oldenzaal,231,31708,47.11864513687397,48.84429078962448,0.5043206761700517,0.09388797779740128,0.06430553803456542,0.13454017913460325,0.33524662545729783,0.192033556200328,0.0754383751734578,15991,2977,2039,4266,10630,6089,2392
Olst-Wijhe,39,18486,47.01622849724116,50.280338601944315,0.4924267012874608,0.046413502109704644,0.039272963323596234,0.12858379314075516,0.3617332035053554,0.16958779617007466,0.07394785242886509,9103,858,726,2377,6687,3135,1367
Ommen,157,18431,46.62969996202051,48.92547625436008,0.4928110249036949,0.05387662091042266,0.0297867722858228,0.13064944929737943,0.35282947208507404,0.16488524768053822,0.06402257066898161,9083,993,549,2408,6503,3039,1180
Oost Gelre,14,29562,47.18412150734051,49.533468972533065,0.49424937419660375,0.042825248629997974,0.04140450578445301,0.13439550774643122,0.37788376970435017,0.17962248832961233,0.05713415871727218,14611,1266,1224,3973,11171,5310,1689
Oosterhout,302,56475,46.897476759628155,50.66408128777867,0.507020805666224,0.14411686586985392,0.06997786631252767,0.1389818503762727,0.33405931828242585,0.172979194333776,0.07592740150509075,28634,8139,3952,7849,18866,9769,4288
Ooststellingwerf,86,25636,48.37174286160087,46.85931485758275,0.49937587767202374,0.04212825713839913,0.03420970510220003,0.1482290528943673,0.3862146980808238,0.15072554220627243,0.048993602746138246,12802,1080,877,3800,9901,3864,1256
Oostzaan,338,9630,46.6269989615784,52.99296225207934,0.5078920041536864,0.0940809968847352,0.058878504672897194,0.128141225337487,0.3462097611630322,0.1711318795430945,0.0881619937694704,4891,906,567,1234,3334,1648,849
Opmeer,111,12060,46.068905472636814,49.619796301789776,0.4927860696517413,0.060862354892205636,0.03582089552238806,0.1407960199004975,0.38424543946932005,0.16218905472636816,0.05290215588723052,5943,734,432,1698,4634,1956,638
Opsterland,134,29739,46.684051245838795,48.39461958806221,0.4974948720535324,0.03248259860788863,0.03305423854198191,0.1395810215541881,0.36840512458387975,0.1703487003597969,0.05830727327751437,14795,966,983,4151,10956,5066,1734
Oss,339,93196,45.60448946306708,49.966545805509185,0.4966629469075926,0.15295720846388258,0.05470191853727628,0.1486544486887849,0.35474698484913514,0.15713120734795485,0.06498132967080132,46287,14255,5098,13854,33061,14644,6056
Oude IJsselstreek,206,39337,48.31090322088619,46.98081239814274,0.49520807382362664,0.0800772809314386,0.058774182067773344,0.1548414978264738,0.38978569794341206,0.15184177746142308,0.046393980222182676,19480,3150,2312,6091,15333,5973,1825
Ouder-Amstel,102,14195,45.6289538569919,55.60703605980651,0.5105318774216273,0.2028178936245157,0.10066924973582247,0.10383938006340261,0.26361394857344134,0.1816836914406481,0.19175766114829165,7247,2879,1429,1474,3742,2579,2722
Oudewater,325,10147,45.96905489307184,51.94554935726413,0.5046811865576032,0.05794816201833054,0.035379915245885483,0.12417463289642258,0.35714989652113927,0.16329949738839067,0.07125258697151868,5121,588,359,1260,3624,1657,723
Overbetuwe,219,48211,45.247723548567755,51.95705521472393,0.5041173176246085,0.06801352388459066,0.05473854514529879,0.12453589429798179,0.32544440065545205,0.17576901536993633,0.09535168322581983,24304,3279,2639,6004,15690,8474,4597
Papendrecht,204,32180,46.115257924176504,51.47864591320349,0.5082349285270354,0.126911124922312,0.0718769422001243,0.1391858297078931,0.36410814170292105,0.15879428216283406,0.05661901802361716,16355,4084,2313,4479,11717,5110,1822
Peel en Maas,128,44218,47.37939300737256,48.98331891424246,0.48989099461757657,0.08121127142792528,0.04348907684653309,0.14552897010267313,0.36026052738703696,0.17705459315211,0.059523271066081684,21662,3591,1923,6435,15930,7829,2632
Pekela,42,12179,47.14327941538714,44.441467852810355,0.4952787585187618,0.04729452335988176,0.044338615649889154,0.1745627719845636,0.42655390426143364,0.08769192872978077,0.019213400114951967,6032,576,540,2126,5195,1068,234
Pijnacker-Nootdorp,179,56518,42.56612052797339,55.930589554116814,0.5025301673803036,0.15610955801691498,0.074578010545313,0.11573304080116069,0.2815740118192434,0.18406525354754238,0.13199334725220283,28402,8823,4215,6541,15914,10403,7460
Purmerend,15,81453,46.15653198777209,50.760633687042294,0.5114360428713491,0.20645034559807496,0.08429401004260126,0.14743471695333504,0.3755417234478779,0.15219820018906607,0.057112690754177256,41658,16816,6866,12009,30589,12397,4652
Putten,314,24570,45.18017908017908,49.17490280335584,0.5037851037851038,0.050956450956450954,0.032275132275132276,0.1481074481074481,0.3398860398860399,0.14603174603174604,0.05889295889295889,12378,1252,793,3639,8351,3588,1447
Raalte,178,38096,46.88494855102898,49.592735752619475,0.4986087778244435,0.04470285594288114,0.026800713985720287,0.12804493910121797,0.3627677446451071,0.17781394372112558,0.062657496850063,18995,1703,1021,4878,13820,6774,2387
Reimerswaal,45,22891,41.92665239613822,48.51812535290796,0.4943427547944607,0.11611550390983356,0.03826831505831987,0.14376829321567428,0.3684417456642349,0.10711633393036564,0.024900615962605392,11316,2658,876,3291,8434,2452,570
Renkum,53,31327,50.796565263191496,52.631816753103884,0.5109649822836531,0.08315510581926135,0.0761004883965908,0.11759823794171162,0.27267213585724775,0.20014683819069812,0.169278896798289,16007,2605,2384,3684,8542,6270,5303
Renswoude,226,5640,40.640957446808514,52.14373576309795,0.49840425531914895,0.06081560283687943,0.028900709219858156,0.13085106382978723,0.3601063829787234,0.1322695035460993,0.052659574468085106,2811,343,163,738,2031,746,297
Reusel-De Mierden,237,13248,45.518719806763286,50.32206814216182,0.4883756038647343,0.05314009661835749,0.04015700483091787,0.13685084541062803,0.36465881642512077,0.16560990338164253,0.05442330917874396,6470,704,532,1813,4831,2194,721
Rheden,79,43385,49.15205716261381,48.89345044337187,0.5108678114555723,0.10291575429295839,0.07115362452460527,0.1366140371096001,0.32944566094272215,0.17821827820675348,0.10273135876454996,22164,4465,3087,5927,14293,7732,4457
Rhenen,16,20233,45.38422379281372,50.212297491712015,0.5021499530470024,0.07670637078040825,0.05006672268076904,0.1401670538229625,0.3231848959620422,0.15257253002520635,0.08871645331883557,10160,1552,1013,2836,6539,3087,1795
Ridderkerk,285,47051,47.01090306263416,49.93824659264327,0.5169071858196426,0.1561497098892691,0.06713991201037173,0.14992242460309027,0.35718688231918555,0.13978448917132474,0.051476057894624984,24321,7347,3159,7054,16806,6577,2422
Rijssen-Holten,46,38204,43.15781070045021,48.3963746223565,0.5009946602450005,0.059679614700031414,0.02578264056119778,0.13153072976651659,0.3576327086168988,0.14760234530415664,0.0508323735734478,19140,2280,985,5025,13663,5639,1942
Rijswijk,243,56873,44.95194556292089,53.655131991253185,0.5177852407996765,0.2965379002338544,0.09394616074411408,0.1130940868250312,0.28280554920612594,0.17380830974276018,0.12971005573822375,29448,16865,5343,6432,16084,9885,7377
Roerdalen,265,20538,50.35928522738339,48.847615736717074,0.4985879832505599,0.09528678547083455,0.08199435193300224,0.15055019962995422,0.3733080144123089,0.1655954815464018,0.061836595578926866,10240,1957,1684,3092,7667,3401,1270
Roermond,130,59070,46.50594210259015,48.97507364604577,0.5050279329608939,0.21675977653631284,0.09073980023700694,0.1435246317927882,0.3282884713052311,0.16659895039783307,0.08283392585068562,29832,12804,5360,8478,19392,9841,4893
Roosendaal,190,77158,46.55865885585422,49.40799490364708,0.5013997252391197,0.19978485704657975,0.06924751807978434,0.14735996267399362,0.35063117239949193,0.16354752585603566,0.0630653982736722,38687,15415,5343,11370,27054,12619,4866
Rotterdam,183,653791,42.080963182423744,48.823426180170955,0.5053954551225086,0.446162458645041,0.09082260233010243,0.12864202780399242,0.30018155649129463,0.14868054164098313,0.12204817747567648,330423,291697,59379,84105,196256,97206,79794
Rozendaal,235,1756,47.663439635535305,59.621679827709976,0.5017084282460137,0.0683371298405467,0.09111617312072894,0.0928246013667426,0.19760820045558086,0.2203872437357631,0.22779043280182232,881,120,160,163,347,387,400
Rucphen,213,23161,48.14343076723803,48.417056682267294,0.4955312810327706,0.06472086697465568,0.04248521221018091,0.1718405941021545,0.3860368723284832,0.11882043089676611,0.036181512024523986,11477,1499,984,3980,8941,2752,838
Schagen,328,46768,47.904208005473826,49.34406900775827,0.5008552856654123,0.06553626411221349,0.05210827916524119,0.13731611358193638,0.3691199110502908,0.1712709544988026,0.05794560383167978,23424,3065,2437,6422,17263,8010,2710
Scherpenzeel,334,10307,43.121373823615016,51.206435643564355,0.503735325506937,0.05190647133016397,0.0284272824294169,0.13233724653148346,0.3540312409042398,0.14194236926360726,0.04375667022411953,5192,535,293,1364,3649,1463,451
Schiedam,65,79458,43.70497621384882,50.245856221638405,0.5024289561781067,0.37006972236905034,0.08341513755694832,0.14169750056633693,0.33566160739006773,0.13926854438823025,0.07288127060837171,39922,29405,6628,11259,26671,11066,5791
Schiermonnikoog,115,941,51.75345377258236,47.462093862815884,0.4718384697130712,0.05844845908607864,0.07013815090329437,0.17003188097768332,0.36769394261424015,0.1806588735387885,0.08607863974495218,444,55,66,160,346,170,81
Schouwen-Duiveland,218,34097,49.71498958852685,48.77228346456693,0.5060855793764847,0.05666187641141449,0.045223919992961256,0.14136141009472974,0.37299469161509813,0.15611344106519634,0.06179429275302813,17256,1932,1542,4820,12718,5323,2107
Simpelveld,71,10415,49.96917906865099,48.544572537381576,0.5067690830532885,0.08689390302448392,0.09543927028324532,0.14469515122419588,0.3596735477676428,0.1828132501200192,0.06893903024483918,5278,905,994,1507,3746,1904,718
Sint-Michielsgestel,273,29702,46.47481651067268,52.07512824755916,0.49683522995084506,0.051848360379772404,0.03942495454851525,0.12709581846340315,0.3052993064440105,0.18379233721634908,0.11494175476398896,14757,1540,1171,3775,9068,5459,3414
Sittard-Geleen,63,91601,48.72606194255521,48.69922090186511,0.5044813921245401,0.12714926692940035,0.09880896496763136,0.1493215139572712,0.341055228654709,0.17747622842545388,0.07743365247104289,46211,11647,9051,13678,31241,16257,7093
Sliedrecht,159,25882,43.93114906112356,49.714906957928804,0.505138706436906,0.11081060196275404,0.04891430337686423,0.14233830461324473,0.3525229889498493,0.13866780001545476,0.04474151920253458,13074,2868,1266,3684,9124,3589,1158
Sluis,308,23098,50.80058879556672,47.758076168851275,0.5039830288336653,0.172872110139406,0.11710970646809248,0.15152827084596068,0.36808381678067364,0.15057580742921464,0.05281842583773487,11641,3993,2705,3500,8502,3478,1220
Smallingerland,193,55836,45.939125295508276,47.2940488243897,0.5010745755426607,0.0751665592091124,0.04609929078014184,0.14419012823268143,0.37337918188982017,0.1590013611290207,0.05354968120925568,27978,4197,2574,8051,20848,8878,2990
Soest,220,47049,46.60740929669068,52.64866708648195,0.5107653722714617,0.1391102892728857,0.08010797253926757,0.12263810070352187,0.301898021211928,0.17881357733426853,0.12408340241025315,24031,6545,3769,5770,14204,8413,5838
Someren,3,19663,46.08589737069623,50.18460393275851,0.49021003915984335,0.0738951329908966,0.033972435538829275,0.13812744749021003,0.3652036820424147,0.16859075420841174,0.05792605401006967,9639,1453,668,2716,7181,3315,1139
Son en Breugel,340,17753,46.264743986931784,54.40933408418978,0.5080831408775982,0.08471807581817158,0.06122908804145778,0.10584126626485664,0.28716273305920126,0.209823691770405,0.1260632005858165,9020,1504,1087,1879,5098,3725,2238
Stadskanaal,323,31803,48.56554413105682,44.7556515700949,0.5060214445178128,0.05502625538471213,0.03631732855391001,0.16677671917743608,0.41411187623809076,0.1137942961355847,0.028047668458950414,16093,1750,1155,5304,13170,3619,892
Staphorst,34,17164,40.22121883010953,47.862145593869734,0.48782335120018644,0.03315078070379865,0.01468189233278956,0.1375553484036355,0.36780470752738287,0.11360988114658588,0.030062922395711955,8373,569,252,2361,6313,1950,516
Stede Broec,137,21928,45.71629879605983,48.36523046092184,0.495713243341846,0.0965888361911711,0.04879605983217804,0.15860999635169645,0.372719810288216,0.1340751550529004,0.04086099963516965,10870,2118,1070,3478,8173,2940,896
Steenbergen,319,24265,47.37824026375438,49.915329857629835,0.49272614877395426,0.10311147743663714,0.04574490006181743,0.1530187512878632,0.38833711106532043,0.1467545847929116,0.048506078714197404,11956,2502,1110,3713,9423,3561,1177
Steenwijkerland,101,44679,46.86685019807963,48.16345520421607,0.4968329640323194,0.056245663510821636,0.03878779739922559,0.14669083909666733,0.373195460954811,0.1534725486246335,0.05423129434409902,22198,2513,1733,6554,16674,6857,2423
Stein,0,24789,50.347815563354715,49.053659001095085,0.5051030699100407,0.06744927185445157,0.07555770704748074,0.14316834079632096,0.37044656904272055,0.17810319093146154,0.06486748154423333,12521,1672,1873,3549,9183,4415,1608
Stichtse Vecht,255,65171,45.772506176059906,53.63617066034308,0.5092909422902825,0.12434978748216231,0.07405134185450583,0.12321431311472894,0.3003790029307514,0.1724386613677863,0.12820119378251063,33191,8104,4826,8030,19576,11238,8355
Sï¿½dwest-Fryslï¿½n,284,90170,46.905899966729514,47.32358335614563,0.49612953310413666,0.0544083398025951,0.04321836530997006,0.14447155373183987,0.3668736830431407,0.1686037484751026,0.05459687257402684,44736,4906,3897,13027,33081,15203,4923
Terneuzen,264,54429,48.495085340535375,49.06239203105019,0.5013320105091036,0.1900457476712782,0.10409891785628984,0.15603814143195724,0.3885796174833269,0.1281118521376472,0.043414356317404326,27287,10344,5666,8493,21150,6973,2363
Terschelling,329,4946,47.48584714921149,47.35787467238504,0.4862515163768702,0.03336029114435908,0.04791750909826122,0.11322280630812778,0.4270117266477962,0.18782854832187626,0.054589567327133035,2405,165,237,560,2112,929,270
Texel,316,13669,49.55153998097886,46.742328636874404,0.5055234472163289,0.06584241714829175,0.0490891798961153,0.1400248738020338,0.4007608457092692,0.14587753310410417,0.06876874679932694,6910,900,671,1914,5478,1994,940
Teylingen,207,37897,45.59352983085732,54.05375993744298,0.5015700451223052,0.10615616011821516,0.06528221231232023,0.11803045095917883,0.3154339393619548,0.1850014513022139,0.124838377707998,19008,4023,2474,4473,11954,7011,4731
Tholen,149,26368,43.96389563106796,48.96669080376539,0.5001896237864077,0.06560983009708737,0.03424605582524272,0.14938561893203883,0.37898209951456313,0.11616353155339806,0.03485285194174757,13189,1730,903,3939,9993,3063,919
Tiel,152,42224,44.6901525198939,49.14877151684567,0.4991710875331565,0.21478306176582038,0.06645509662751042,0.1610932171276999,0.354064039408867,0.1374810534293293,0.05721864342553998,21077,9069,2806,6802,14950,5805,2416
Tilburg,258,224036,43.0932484065061,48.63425865017761,0.5014997589673088,0.2321903622632077,0.06925226302915603,0.12897927118855898,0.3235015801031977,0.18392579763966505,0.1021130532592976,112354,52019,15515,28896,72476,41206,22877
Tubbergen,69,21335,45.15631591281931,49.39045786405569,0.4865244902741973,0.022357628310288258,0.027607218186079214,0.1325521443637216,0.37506444808999295,0.1762362315444106,0.058214202015467544,10380,477,589,2828,8002,3760,1242
Twenterand,28,33664,44.413408982889734,46.98722545943523,0.4925736692015209,0.029408269961977186,0.025249524714828896,0.15529942965779467,0.37948550380228135,0.12235622623574144,0.03445817490494297,16582,990,850,5228,12775,4119,1160
Tynaarlo,200,34203,47.85767330351139,53.22473508817913,0.5071192585445721,0.043388006899979535,0.04897231237025992,0.1056632459141011,0.28231441686401776,0.20328626143905507,0.14299915212115896,17345,1484,1675,3614,9656,6953,4891
Tytsjerksteradiel,37,32240,46.730397022332504,47.884717868338555,0.5007444168734492,0.04404466501240695,0.027636476426799006,0.1347394540942928,0.36885856079404467,0.17406947890818858,0.05179900744416874,16144,1420,891,4344,11892,5612,1670
Uitgeest,76,13555,44.79756547399484,53.76258540093492,0.4983400959055699,0.07392106233862043,0.06137956473625968,0.11420140169679086,0.35721136112135743,0.19350793065289562,0.08476576908889709,6755,1002,832,1548,4842,2623,1149
Uithoorn,147,30966,44.31821998320739,53.73084526931612,0.5084285991086999,0.22628043660789252,0.08173480591616612,0.13065943292643545,0.3274882128786411,0.1624039268875541,0.08996964412581542,15744,7007,2531,4046,10141,5029,2786
Urk,166,21438,35.04296109711727,46.516101015499736,0.4932363093572162,0.029060546692788507,0.01529993469540069,0.14922100942252076,0.35978169605373633,0.0779923500326523,0.018891687657430732,10574,623,328,3199,7713,1672,405
Utrecht,12,360674,38.70146448038949,54.4932354860435,0.5093962969329644,0.2823547025846055,0.08979854383737114,0.08278944420723423,0.21456218080593556,0.20287295452403,0.250431137259686,183726,101838,32388,29860,77387,73171,90324
Utrechtse Heuvelrug,154,49915,47.92715616548132,53.6396255850234,0.510267454672944,0.08933186416908745,0.07250325553440849,0.11006711409395974,0.26396874686967847,0.17415606531102876,0.18415306020234398,25470,4459,3619,5494,13176,8693,9192
Vaals,212,10123,50.76143435740393,44.55705045278137,0.4863182850933518,0.39158352267114493,0.1374098587375284,0.15766077249827126,0.34011656623530573,0.14284303072211796,0.07636076261977674,4923,3964,1391,1596,3443,1446,773
Valkenburg aan de Geul,201,16131,51.771681854813714,49.67174901040903,0.5064782096584217,0.07817246295951893,0.07637468228876076,0.14227264273758602,0.3431281383671192,0.19230053933420121,0.10247349823321555,8170,1261,1232,2295,5535,3102,1653
Valkenswaard,275,31200,48.73496794871795,50.089889797642364,0.5036217948717949,0.0871474358974359,0.06391025641025641,0.14951923076923077,0.35612179487179485,0.1764102564102564,0.07429487179487179,15713,2719,1994,4665,11111,5504,2318
Veendam,93,27435,47.30103881902679,46.43006244424621,0.4996537269910698,0.08766174594496082,0.0491343174776745,0.15596865318024422,0.40535811919081466,0.13030800072899582,0.04093311463459085,13708,2405,1348,4279,11121,3575,1123
Veenendaal,54,67605,43.097537164410916,50.24558668870192,0.5046372309740403,0.13854004881295762,0.05298424672731307,0.13685378300421566,0.3388506767250943,0.16383403594408696,0.06407810073219436,34116,9366,3582,9252,22908,11076,4332
Veere,205,21821,48.98593098391458,48.74643493761141,0.5013977361257504,0.04981439897346593,0.04271114980981623,0.11365198661839512,0.367627514779341,0.18211814307318638,0.06370010540305211,10941,1087,932,2480,8022,3974,1390
Veldhoven,30,45761,46.63377111514171,53.26459573780208,0.4991805249011167,0.14044710561395074,0.06433425842966718,0.12626472323594326,0.3204256899980333,0.18489543497738248,0.10157120692292564,22843,6427,2944,5778,14663,8461,4648
Velsen,80,68298,46.24636153328062,51.51867962694449,0.5048756918211368,0.13116050250373365,0.07274005095317579,0.13919880523587808,0.35995197516764765,0.15067791150546136,0.07471668277255557,34482,8958,4968,9507,24584,10291,5103
Venlo,19,101986,46.849008687466906,47.22014062629688,0.5007452003216127,0.21399996077893044,0.08693350067656345,0.16164963818563333,0.3483125134822427,0.14723589512286,0.05633126115349166,51069,21825,8866,16486,35523,15016,5745
Venray,85,43909,46.878999749481885,49.2029825332308,0.490468924366303,0.15500239130929877,0.06144526179143228,0.14885331025530074,0.364367214010795,0.16472704912432531,0.05900840374410713,21536,6806,2698,6536,15999,7233,2591
Vijfheerenlanden,188,58724,44.269583134663854,51.22577028396473,0.5034909066139909,0.12545126353790614,0.05411756692323411,0.13934677474286492,0.3462809072951434,0.1484231319392412,0.06300660717934746,29567,7367,3178,8183,20335,8716,3700
Vlaardingen,169,74029,45.223115265639144,49.84594755155733,0.5137040889381188,0.2671385538099934,0.07263369760499264,0.14865795836766674,0.3462426886760594,0.1396479757932702,0.05508652014750976,38029,19776,5377,11005,25632,10338,4078
Vlieland,8,1192,46.89513422818792,48.63472485768501,0.5067114093959731,0.11828859060402684,0.041107382550335574,0.1552013422818792,0.41191275167785235,0.17365771812080538,0.0587248322147651,604,141,49,185,491,207,70
Vlissingen,189,44520,47.61208445642408,47.431967613975985,0.5019541778975741,0.1883872416891285,0.08791554357592093,0.1442722371967655,0.39692273135669365,0.15664869721473496,0.04065588499550764,22347,8387,3914,6423,17671,6974,1810
Voerendaal,180,12404,49.89382457271848,51.212382521073536,0.5094324411480168,0.058207029990325704,0.08126410835214447,0.11810706223798774,0.3202192841019026,0.2126733311834892,0.10166075459529184,6319,722,1008,1465,3972,2638,1261
Voorschoten,326,25607,46.63818487132425,55.44740366016962,0.515405943687273,0.13996172921466787,0.08942867184754169,0.10832975358300465,0.2544226188151677,0.17514742062717226,0.18569141250439333,13198,3584,2290,2774,6515,4485,4755
Voorst,6,24974,47.660687114599185,50.21132376395534,0.5000400416433091,0.05005205413630175,0.03731881156402659,0.12573075999039002,0.3351885961399856,0.1785056458717066,0.08088411948426363,12488,1250,932,3140,8371,4458,2020
Vught,164,31765,46.34648197701873,54.822626262626265,0.5020620179442783,0.07558633716354478,0.06145128285849205,0.11597670391940815,0.2601290728789548,0.1869982685345506,0.16143554226349757,15948,2401,1952,3684,8263,5940,5128
Waadhoeke,144,46265,46.76699448827407,46.991545313916895,0.4924673079001405,0.059353723116826976,0.03546957743434562,0.1490975899708203,0.38413487517561873,0.15458770128606938,0.04251594077596455,22784,2746,1641,6898,17772,7152,1967
Waalre,195,17613,47.53193663771078,54.777424145979204,0.504570487707943,0.1111111111111111,0.07846477034008971,0.10293533185715097,0.258048032703117,0.20581388746948276,0.16805768466473628,8887,1957,1382,1813,4545,3625,2960
Waalwijk,222,49280,46.02802353896104,49.406208392918785,0.4994521103896104,0.15566152597402597,0.04813311688311688,0.1515625,0.353612012987013,0.15278003246753247,0.05888798701298701,24613,7671,2372,7469,17426,7529,2902
Waddinxveen,211,31329,43.1768010469533,52.52517547774577,0.5039101152287019,0.13189058061221232,0.0572313192249992,0.12640045963803503,0.32793897028312424,0.16288422866992244,0.07216955536403971,15787,4132,1793,3960,10274,5103,2261
Wageningen,305,39837,41.91485302608128,45.299065121342124,0.5199437708662801,0.21961995130155385,0.07101438361322389,0.08100509576524337,0.24758390441047268,0.22948515199437708,0.2506714863066998,20713,8749,2829,3227,9863,9142,9986
Wassenaar,224,26851,48.15880227924472,54.28492517826655,0.5263491117649249,0.24557744590518044,0.11008900972030837,0.11243529105061265,0.2561170906111504,0.14416595285091802,0.18993706007225056,14133,6594,2956,3019,6877,3871,5100
Waterland,131,17302,48.13859669402381,52.47100063734863,0.50999884406427,0.06912495665241013,0.07155242168535429,0.11565136978384002,0.2949947982892151,0.19269448618656804,0.13663160328285748,8824,1196,1238,2001,5104,3334,2364
Weert,256,50266,47.760335017705806,49.59709775845086,0.49956232841284365,0.1520311940476664,0.07525961882783591,0.14019416703139298,0.34416902080929457,0.17803286515736283,0.07923845143834798,25111,7642,3783,7047,17300,8949,3983
Weesp,95,20750,44.47898795180723,55.829235391501626,0.5131566265060241,0.20539759036144578,0.08920481927710844,0.10453012048192771,0.2571566265060241,0.18819277108433735,0.15850602409638553,10648,4262,1851,2169,5336,3905,3289
West Betuwe,324,51921,44.91749003293465,51.81344808519845,0.4985651277902968,0.06392403844301921,0.040022341634406114,0.1385951734365671,0.3478361356676489,0.15205793416921862,0.07546079620962616,25886,3319,2078,7196,18060,7895,3918
West Maas en Waal,135,19635,47.22490450725745,50.778933036266864,0.49880315762668703,0.05006366182836771,0.039572192513368985,0.14173669467787114,0.3719887955182073,0.1645021645021645,0.06432391138273491,9794,983,777,2783,7304,3230,1263
Westerkwartier,171,64228,45.602182848601856,49.479168712801275,0.49738431836582175,0.04292520396088933,0.03518714579311204,0.1302858566357352,0.3537553714890702,0.16903842560876875,0.07344148969296879,31946,2757,2260,8368,22721,10857,4717
Westerveld,280,19835,51.292714897907736,48.63804878048781,0.5038064028232921,0.029694983614822285,0.03710612553566927,0.13173682883791277,0.3634988656415427,0.18648853037559868,0.08464834887824553,9993,589,736,2613,7210,3699,1679
Westervoort,2,14934,46.75693049417437,49.82407786047273,0.5080353555644838,0.12334270791482523,0.07278692915494844,0.15019418775947502,0.3722378465247087,0.16037230480782108,0.05490826302397214,7587,1842,1087,2243,5559,2395,820
Westerwolde,253,26508,48.72019767617323,45.5779532967033,0.4975479100648861,0.11068356722498868,0.04564659725365927,0.14769126301493887,0.39901161913384636,0.1229062924400181,0.03670590010562849,13189,2934,1210,3915,10577,3258,973
Westland,124,112342,44.71487066279753,51.2105493687242,0.5009168432109096,0.12199355539335244,0.046678891242812125,0.1321411404461377,0.33711345712200247,0.16841430631464635,0.0588648946965516,56274,13705,5244,14845,37872,18920,6613
Weststellingwerf,31,26243,47.79335441832107,46.76276134865323,0.498494836718363,0.04717448462447129,0.036695499752314904,0.15284075753534276,0.39484814998285256,0.14278093205807263,0.04473573905422398,13082,1238,963,4011,10362,3747,1174
Westvoorne,337,14943,50.487251555912465,54.21636671777903,0.5035133507327846,0.055678243993843274,0.0627718664257512,0.12996051662986013,0.35267349260523323,0.18282808003747575,0.09067790938901157,7524,832,938,1942,5270,2732,1355
Wierden,320,24605,45.542206868522655,50.06720120270609,0.4985572038203617,0.042064621011989434,0.0320666531192847,0.12542166226376752,0.35236740499898395,0.18138589717537085,0.06486486486486487,12267,1035,789,3086,8670,4463,1596
Wijchen,173,41299,46.72258408193903,50.47901821060966,0.5072277779122981,0.07380323978788833,0.057676941330298555,0.13840528826363835,0.34092835177607206,0.17816412019661493,0.08738710380396619,20948,3048,2382,5716,14080,7358,3609
Wijdemeren,227,24458,48.045792787635946,52.78152522017614,0.5083408291765475,0.07600785019216616,0.07200098127402077,0.12691144001962548,0.31797366914710934,0.18337558263144985,0.11211055687300679,12433,1859,1761,3104,7777,4485,2742
Wijk bij Duurstede,327,23895,46.23297761037874,52.638443468491474,0.5063820883029923,0.06524377484829462,0.054655785729232055,0.12617702448210924,0.3526260724000837,0.17221175978238126,0.08206737811257585,12100,1559,1306,3015,8426,4115,1961
Winterswijk,7,29153,47.632867972421366,46.47048575102667,0.5001886598291772,0.10084725414194079,0.056838061262991804,0.1557644153260385,0.3749871368298288,0.15219702946523514,0.052790450382464923,14582,2940,1657,4541,10932,4437,1539
Woensdrecht,290,22091,48.403558010049345,49.641447184476874,0.4991172875831787,0.15481417771943326,0.0943823276447422,0.15191707030012222,0.371870897650627,0.1538635643474718,0.049522429948847944,11026,3420,2085,3356,8215,3399,1094
Woerden,223,52836,44.47312438488909,53.415301581289654,0.5048073283367401,0.10812703459762284,0.05729048376107199,0.12285184344007874,0.30518964342493754,0.17906351729881143,0.11512983571807102,26672,5713,3027,6491,16125,9461,6083
Wormerland,196,16357,47.637036131319924,50.82151517378205,0.506877789325671,0.09255976034725194,0.05514458641560188,0.12954698294308248,0.37892033991563245,0.17429846548878156,0.06651586476737788,8291,1514,902,2119,6198,2851,1088
Woudenberg,260,13864,42.964584535487596,52.061998678871376,0.5013704558568955,0.06852279284477784,0.04508078476630121,0.11129544143104443,0.3343912290825159,0.172533179457588,0.07090305828043855,6951,950,625,1543,4636,2392,983
Zaanstad,50,156933,44.31205036544258,50.49684272552814,0.5046675969999936,0.2651449981839384,0.08304817979647365,0.13902111091994673,0.3480657350589105,0.15036353093358312,0.06841136026202264,79199,41610,13033,21817,54623,23597,10736
Zaltbommel,192,29930,43.294052789842965,50.13973355889194,0.49752756431673906,0.11303040427664551,0.038255930504510524,0.14376879385232208,0.3246241229535583,0.15031740728366189,0.07343802205145339,14891,3383,1145,4303,9716,4499,2198
Zandvoort,276,17080,49.75907494145199,49.75835694050991,0.5136416861826698,0.14238875878220142,0.098711943793911,0.14923887587822013,0.3296252927400468,0.16662763466042155,0.09994145199063231,8773,2432,1686,2549,5630,2846,1707
Zeewolde,272,23330,42.70394342048864,52.2135063559322,0.49035576510930134,0.12498928418345479,0.06562366052293185,0.13544792113159024,0.3540934419202743,0.17801114444920704,0.06562366052293185,11440,2916,1531,3160,8261,4153,1531
Zeist,59,65880,45.05001517911354,53.43476880963244,0.5120066788099575,0.15846994535519127,0.08383424408014573,0.10625379477838494,0.25329386763812994,0.17008196721311475,0.18987553126897389,33731,10440,5523,7000,16687,11205,12509
Zevenaar,32,44605,47.82786683107275,48.86426121478921,0.5061540186077794,0.08070844075776258,0.07310839591973994,0.15332361842842732,0.37621342898778165,0.162268803945746,0.05223629637932967,22577,3600,3261,6839,16781,7238,2330
Zoetermeer,109,125579,44.6650634262098,52.645270908061164,0.5117017972750221,0.2443561423486411,0.091050255217831,0.13567555084846988,0.338153672190414,0.16599112909005487,0.0763025665119168,64259,30686,11434,17038,42465,20845,9582
Zoeterwoude,230,9296,45.95664802065404,54.440142290326996,0.4992469879518072,0.08197074010327023,0.053463855421686746,0.11391996557659208,0.31895438898450945,0.17749569707401033,0.12241824440619621,4641,762,497,1059,2965,1650,1138
Zuidplas,309,45731,43.71909645535851,53.84874137401168,0.5032472502241369,0.12149307909295663,0.06389538824867158,0.12068399991253198,0.3116266864927511,0.17974678008353195,0.08659333931031467,23014,5556,2922,5519,14251,8220,3960
Zundert,5,22235,47.88392174499663,50.06707416907712,0.4875646503260625,0.10627389251180572,0.05977063188666517,0.1342028333708118,0.36590960197886213,0.17814256802338654,0.06044524398470879,10841,2363,1329,2984,8136,3961,1344
Zutphen,289,48263,47.26836292812299,48.645386981035365,0.5093757122433334,0.10705923792553301,0.07604168824979798,0.14240722706835465,0.3329258438141019,0.17885336593249487,0.09265897271201541,24584,5167,3670,6873,16068,8632,4472
Zwartewaterland,333,22988,41.765616843570555,48.803779721848365,0.492039324865147,0.047198538367844094,0.021967983295632505,0.15220984861666956,0.35775187054115193,0.12606577344701583,0.03440925700365408,11311,1085,505,3499,8224,2898,791
Zwijndrecht,297,44745,46.04813945692256,49.96439615545341,0.5144485417365069,0.17528215443066264,0.07091295116772824,0.1485082132081797,0.3573136663314337,0.14314448541736507,0.05189406637613141,23019,7843,3173,6645,15988,6405,2322
Zwolle,150,130490,42.424967430454444,51.674907328473864,0.5072189439803816,0.1173423250823818,0.06339183079163155,0.11491302015480113,0.2983370373208675,0.22110506552226225,0.11059851329603801,66187,15312,8272,14995,38930,28852,14432
